create database Movie_ticket_booking_system;
use Movie_ticket_booking_system;

	create table users (
    user_id int primary key auto_increment,
    name varchar(50),
    email varchar(100) unique,
    phone varchar(15)
    );
    
    INSERT INTO users(name,email,phone)
VALUES
('Arun','arun1@gmail.com','9876543201'),
('Priya','priya2@gmail.com','9876543202'),
('Karthik','karthik3@gmail.com','9876543203'),
('Meena','meena4@gmail.com','9876543204'),
('Rahul','rahul5@gmail.com','9876543205'),
('Anitha','anitha6@gmail.com','9876543206'),
('Vijay','vijay7@gmail.com','9876543207'),
('Saranya','saranya8@gmail.com','9876543208'),
('sneka','sneha9@gmail.com','9876543209'),
('Kavin','kavin10@gmail.com','9876543210'),
('Shalini','shalini2@gmail.com','9361951756'),
('Lavanya','lavanya7@gmail.com','9874561230'),
('Narmatha','narmatha33@gmail.com','9625874136'),
('Thangam','thangam345@gmail.com','9632587410'),
('Ganga','gangadevi3247@gmail.com','8963257412'),
('Chandru','chandru721@gmail.com','8925991652'),
('Akshaya','akshu098@gmail.com','9876543218'),
('Deva','devadharshini2@gmail.com','9258367412'),
('Srii','sridhar1105@gmail.com','9036258014'),
('Pramila','pramilashalu@gmail.com','8796320541'),
('Rajii','rajeshwariparthi888@gmail.com','9325471084'),
('Parthi','parthipanrajii@gmail.com','9788835930'),
('Sharmii','sharmiparthi@gmail.com','9652874103'),
('Vishwa','vishwanathan2107@gmail.com','9566892636'),
('Poongodi','poongodi@gmail.com','9863200147');

    create table movies (
    movie_id int primary key auto_increment,
    title varchar(60),
    language varchar(50),
    duration int,
    genre varchar(100),
    rating decimal(2,1),
    releasing_date date
    );
    
    INSERT INTO movies (title,language,duration,genre,rating,releasing_date)
VALUES
('Leo','Tamil',165,'Action',8.5,'2023-10-19'),
('Jailer','Tamil',170,'Action',8.8,'2023-08-10'),
('Vikram','Tamil',175,'Action Thriller',9.0,'2022-06-03'),
('Master','Tamil',179,'Action',8.2,'2021-01-13'),
('KGF 2','Kannada',168,'Action',8.7,'2022-04-14'),
('RRR','Telugu',182,'Action',9.1,'2022-03-25'),
('Pushpa','Telugu',179,'Action',8.4,'2021-12-17'),
('Avatar','English',192,'Sci-Fi',9.2,'2022-12-16'),
('Inception','English',148,'Sci-Fi',9.0,'2010-07-16'),
('Interstellar','English',169,'Sci-Fi',9.3,'2014-11-07'),
('Unakkum enakkum','Tamil',165,'Love',9.2,'2014-11-26'),
('Amaran','Tamil',169,'Action',8.3,'2024-10-31'),
('Vettaiyan','Tamil',163,'Action Drama',7.2,'2024-10-10'),
('Ponniyin Selvan: I','Tamil',167,'Action Drama',7.7,'2022-09-30'),
('Master','Tamil',179,'Action Thriller',7.4,'2021-01-13'),
('Thiruchitrambalam','Tamil',133,'Romantic Comedy',7.9,'2022-08-18'),
('Maanadu','Tamil',147,'Sci-Fi Action',8.1,'2021-11-25'),
('Kaithi','Tamil',145,'Action Thriller',8.4,'2019-10-25'),
('Asuran','Tamil',141,'Action Drama',8.4,'2019-10-04'),
('2.0','Tamil',148,'Sci-Fi Action',6.0,'2018-11-29'),
('Baasha','Tamil',145,'Action Drama',8.3,'1995-01-12'),
('Karnan','Tamil',158,'Action Drama',8.0,'2021-04-09'),
 ('Viduthalai Part 1','Tamil',150,'Crime Drama',8.2,'2023-03-31'),
('Garudan','Tamil',134,'Action Drama',7.5,'2024-05-31'),
('Raayan','Tamil',145,'Action Crime',7.2,'2024-07-26');
   
    create table theaters(
    theater_id int primary key auto_increment,
    name varchar(60),
    city varchar(50),
    address varchar(100)
    );
    
    INSERT INTO theaters(name,city,address)
VALUES
('PVR Phoenix','Chennai','Velachery'),
('AGS Villivakkam','Chennai','Villivakkam'),
('INOX Marina','Chennai','Egmore'),
('Rohini Silver Screens','Chennai','Koyambedu'),
('SPI Escape','Chennai','Royapettah'),
('PVR Palazzo','Chennai','Vadapalani'),
('Sathyam Cinemas','Chennai','Royapettah'),
('AGS Navalur','Chennai','OMR'),
('INOX National','Chennai','Virugambakkam'),
('Vettri Theatres','Chennai','Chromepet'),
('GK Cinemas','Chennai','Porur'),
('Sangam Multiplex','Chennai','Kilpauk'),
('Kasi Talkies','Chennai','Ashok Nagar'),
('PVR Grand Galada','Chennai','Pallavaram'),
('Albert Theatre','Chennai','Egmore'),
('Kamala Cinemas','Chennai','Vadapalani'),
('AGS T Nagar','Chennai','T Nagar'),
('Devi Cineplex','Chennai','Anna Salai'),
('Abirami Multiplex','Chennai','Purasaiwakkam'),
('Udhayam Complex','Chennai','Ashok Nagar'),
('PVR Grand Mall','Chennai','Velachery'),
('EGA Cinemas','Chennai','Kilpauk'),
('Ganga Cinemas','Chennai','Kolathur'),
('Srinivasa Theatre','Chennai','West Mambalam'),
('Vidya Theatre','Chennai','Tambaram');
    
    create table screens(
    screen_id int primary key auto_increment,
    theater_id int,
    screen_name varchar(50),
    total_seat int,
    foreign key (theater_id) references theaters(theater_id)
    );
    INSERT INTO screens(theater_id,screen_name,total_seat)
VALUES
(1,'Screen 1',200),
(1,'Screen 2',180),
(1,'Screen 3',220),
(2,'Screen 1',250),
(2,'Screen 2',180),
(3,'Screen 1',300),
(3,'Screen 2',240),
(3,'Screen 3',180),
(4,'Screen 1',450),
(4,'Screen 2',320),
(5,'Screen 1',210),
(5,'Screen 2',190),
(5,'Screen 3',250),
(5,'Screen 4',150),
(6,'Screen 1',280),
(6,'Screen 2',220),
(7,'Screen 1',350),
(7,'Screen 2',250),
(7,'Screen 3',200),
(8,'Screen 1',400),
(9,'Screen 1',220),
(9,'Screen 2',180),
(9,'Screen 3',160),
(10,'Screen 1',500),
(10,'Screen 2',350);
    
    create table shows(
    show_id int primary key auto_increment,
    movie_id int,
    screen_id int,
    show_time datetime,
    ticket_price decimal(10,2),
    foreign key (movie_id) references movies (movie_id),
    foreign key (screen_id) references screens (screen_id)
    );
    
    INSERT INTO shows
(movie_id,screen_id,show_time,ticket_price)
VALUES
(1,1,'2026-06-06 10:00:00',180),
(2,2,'2026-06-06 01:00:00',200),
(3,3,'2026-06-06 04:00:00',220),
(4,4,'2026-06-06 07:00:00',250),
(5,5,'2026-06-06 10:00:00',180),
(1, 6, '2026-06-06 10:30:00', 180),
(2, 7, '2026-06-06 13:45:00', 180),
(3, 8, '2026-06-06 18:15:00', 220),
(4, 9, '2026-06-06 21:30:00', 220),
(5, 10, '2026-06-06 14:00:00', 150),
(6, 11, '2026-06-06 17:00:00', 180),
(7, 12, '2026-06-06 22:00:00', 250),
(8, 13, '2026-06-06 11:15:00', 150),
(9, 14, '2026-06-06 15:30:00', 180),
(10, 15, '2026-06-06 19:00:00', 200),
(11, 16, '2026-06-07 10:00:00', 150),
(12, 17, '2026-06-07 13:30:00', 180),
(13, 18, '2026-06-07 18:00:00', 220),
(14, 19, '2026-06-07 21:15:00', 220),
(15, 20, '2026-06-07 14:30:00', 180),
(1, 2, '2026-06-07 17:45:00', 200),
(2, 3, '2026-06-07 22:30:00', 250),
(3, 4, '2026-06-07 10:45:00', 250),
(4, 5, '2026-06-07 15:00:00', 180),
(5, 1, '2026-06-07 19:30:00', 200);

    create table seats(
    seat_id int primary key auto_increment,
    show_id int,
    seat_no varchar(10),
    status varchar(50) default 'available',
    locked_by varchar(50),
    lock_time datetime,
    foreign key (show_id) references shows(show_id)
    );
    INSERT INTO seats(show_id,seat_no,status)
VALUES
(1,'A1','Booked'),
(1,'A2','Available'),
(1,'A3','Booked'),
(1,'A4','Available'),
(1,'A5','Available'),
(1,'A6','Booked'),
(1,'A7','Available'),
(1,'A8','Booked'),
(1,'A9','Available'),
(1,'A10','Available'),
(1,'B1','Booked'),
(1,'B2','Booked'),
(1,'B3','Available'),
(1,'B4','Available'),
(1,'B5','Booked'),
(1,'B6','Available'),
(1,'B7','Available'),
(1,'B8','Booked'),
(1,'B9','Available'),
(1,'B10','Booked'),
(2,'A1','Booked'),
(2,'A2','Booked'),
(2,'A3','Available'),
(2,'A4','Available'),
(2,'A5','Available'),
(2,'A6','Booked'),
(2,'A7','Booked'),
(2,'A8','Available'),
(2,'A9','Booked'),
(2,'A10','Available'),
(2,'B1','Available'),
(2,'B2','Booked'),
(2,'B3','Booked'),
(2,'B4','Available'),
(2,'B5','Available'),
(3,'A1','Booked'),
(3,'A2','Available'),
(3,'A3','Available'),
(3,'A4','Booked'),
(3,'A5','Booked'),
(3,'A6','Available'),
(3,'A7','Available'),
(3,'A8','Booked'),
(3,'A9','Available'),
(3,'A10','Available'),
(3,'B1','Booked'),
(3,'B2','Available'),
(3,'B3','Booked'),
(3,'B4','Available'),
(3,'B5','Booked'),
(4,'A1','Booked'),
(4,'A2','Booked'),
(4,'A3','Available'),
(4,'A4','Available'),
(4,'A5','Booked'),
(4,'A6','Available'),
(4,'A7','Available'),
(4,'A8','Booked'),
(4,'A9','Available'),
(4,'A10','Booked'),
(4,'B1','Available'),
(4,'B2','Available'),
(4,'B3','Booked'),
(4,'B4','Available'),
(4,'B5','Booked'),
(5,'A1','Booked'),
(5,'A2','Available'),
(5,'A3','Booked'),
(5,'A4','Available'),
(5,'A5','Available'),
(5,'A6','Booked'),
(5,'A7','Booked'),
(5,'A8','Available'),
(5,'A9','Available'),
(5,'A10','Booked'),
(5,'B1','Available'),
(5,'B2','Available'),
(5,'B3','Booked'),
(5,'B4','Available'),
(5,'B5','Booked'),
(6,'A1','Booked'),
(6,'A2','Booked'),
(6,'A3','Available'),
(6,'A4','Available'),
(6,'A5','Booked'),
(6,'A6','Available'),
(6,'A7','Available'),
(6,'A8','Booked'),
(6,'A9','Available'),
(6,'A10','Booked'),
(6,'B1','Available'),
(6,'B2','Booked'),
(6,'B3','Booked'),
(6,'B4','Available'),
(6,'B5','Available'),
(7,'A1','Booked'),
(7,'A2','Available'),
(7,'A3','Available'),
(7,'A4','Booked'),
(7,'A5','Booked'),
(7,'A6','Available'),
(7,'A7','Available'),
(7,'A8','Booked'),
(7,'A9','Available'),
(7,'A10','Available'),
(7,'B1','Booked'),
(7,'B2','Available'),
(7,'B3','Booked'),
(7,'B4','Available'),
(7,'B5','Booked');
    
    create table bookings(
    booking_id int primary key auto_increment,
    user_id int,
    show_id int,
    seat_no varchar(10),
    booking_date datetime default current_timestamp,
    status varchar(20),
    foreign key (user_id) references users (user_id),
    foreign key (show_id) references shows (show_id)
    );
    
    INSERT INTO bookings
(user_id,show_id,seat_no,status)
VALUES
(1,1,'A1','Confirmed'),
(2,1,'A2','Confirmed'),
(3,2,'B1','Cancelled'),
(4,3,'C1','Confirmed'),
(5,4,'D1','Confirmed'),
(6,5,'A1','Confirmed'),
(7,6,'A2','Confirmed'),
(8,7,'B1','Cancelled'),
(9,8,'C1','Confirmed'),
(10,9,'D1','Confirmed'),
(11,10,'A5','Confirmed'),
(12,11,'B3','Confirmed'),
(13,12,'C2','Cancelled'),
(14,13,'A10','Confirmed'),
(15,14,'B5','Confirmed'),
(16,15,'A4','Confirmed'),
(17,16,'A6','Confirmed'),
(18,17,'B2','Cancelled'),
(19,18,'C3','Confirmed'),
(20,19,'D4','Confirmed'),
(21,20,'A1','Confirmed'),
(22,1,'B6','Confirmed'),
(23,2,'A7','Cancelled'),
(24,3,'B4','Confirmed'),
(25,4,'A8','Confirmed');


    create table payments (
    payment_id int primary key auto_increment,
    booking_id int,
    amount decimal(10,2),
    payment_method varchar(50),
    payment_status varchar(50),
    payment_date datetime default current_timestamp,
    foreign key (booking_id) references bookings (booking_id)
    );
    
    INSERT INTO payments(booking_id,amount,payment_method,payment_status)
VALUES
(1,180,'UPI','Success'),
(2,180,'Card','Success'),
(3,220,'Net Banking','Refunded'),
(4,250,'UPI','Success'),
(5,200,'UPI','Success'),
(6,180,'Card','Success'),
(7,180,'UPI','Success'),
(8,220,'Net Banking','Refunded'),
(9,220,'UPI','Success'),
(10,150,'Wallet','Success'),
(11,180,'Card','Success'),
(12,250,'UPI','Success'),
(13,150,'Net Banking','Refunded'),
(14,180,'UPI','Success'),
(15,200,'Card','Success'),
(16,150,'UPI','Success'),
(17,180,'Wallet','Success'),
(18,220,'Card','Refunded'),
(19,220,'UPI','Success'),
(20,180,'Net Banking','Success'),
(21,200,'UPI','Success'),
(22,250,'Card','Success'),
(23,250,'UPI','Refunded'),
(24,180,'Wallet','Success'),
(25,200,'UPI','Success'),
(5,180,'Card','Success'),
(17,180,'UPI','Success'),
(18,220,'Net Banking','Refunded'),
(19,220,'UPI','Success'),
(20,150,'Wallet','Success'),
(21,180,'Card','Success'),
(2,250,'UPI','Success'),
(3,150,'Net Banking','Refunded'),
(14,180,'UPI','Success'),
(5,200,'Card','Success'),
(6,150,'UPI','Success'),
(5,180,'Wallet','Success'),
(8,220,'Card','Refunded'),
(9,220,'UPI','Success'),
(10,180,'Net Banking','Success'),
(21,200,'UPI','Success'),
(22,250,'Card','Success'),
(13,250,'UPI','Refunded'),
(7,180,'Wallet','Success'),
(6,200,'UPI','Success'),
(3,180,'Card','Success'),
(7,180,'UPI','Success'),
(21,220,'Net Banking','Refunded'),
(25,220,'UPI','Success'),
(23,150,'Wallet','Success');
    
    create table reviews (
    review_id int primary key auto_increment,
    user_id int,
    movie_id int,
    rating decimal(2,1),
    review_text text,
    review_date datetime default current_timestamp,
    foreign key (user_id) references users(user_id),
    foreign key (movie_id) references movies(movie_id)
    );
    
    INSERT INTO reviews(user_id,movie_id,rating,review_text)
VALUES
(1,1,4.5,'Excellent action scenes and screenplay'),
(2,1,4.0,'Good movie with strong performances'),
(3,2,5.0,'Superstar performance, must watch'),
(4,3,4.8,'Amazing background music and story'),
(5,4,3.5,'Good but slightly lengthy'),
(6,5,4.2,'Visual effects were outstanding'),
(7,2,4.7,'One of the best movies this year'),
(8,1,3.8,'Entertaining but predictable'),
(9,4,4.4,'Loved the climax and action sequences'),
(10,3,5.0,'Masterpiece, highly recommended'),
(11,6,4.0,'Great family entertainer, very fun'),
(12,7,4.5,'Brilliant execution and gripping plot'),
(13,8,3.0,'Average watch, first half was slow'),
(14,9,4.8,'Stunning performances, raw and gritty'),
(15,10,2.5,'Disappointing story and heavy VFX drag'),
(16,11,4.9,'Classic commercial cinema at its best'),
(17,12,4.2,'Strong message and neat performances'),
(18,13,4.0,'Solid crime drama with neat twists'),
(19,14,3.5,'Decent action, could have been shorter'),
(20,15,4.6,'Intense thriller, kept me on the edge'),
(21,1,4.2,'Vijay carried the whole film brilliantly'),
(22,2,4.5,'Rajini mass elements worked perfectly'),
(23,3,5.0,'Kamal and Lokesh combo is unmatched'),
(24,4,3.8,'Good historical drama but pacing issues'),
(25,5,4.0,'Massive entertainer with great songs'),
(25,6,4.3,'Wholesome comedy and relatable scenes'),
(22,7,4.7,'A top-tier sci-fi thriller experience'),
(7,8,4.1,'Dhanush delivers an acting masterclass'),
(9,9,4.4,'Very emotional and hard-hitting drama'),
(2,10,3.2,'Visual grandness doesn’t hide weak script'),
(1,11,4.8,'Vintage classic feel, evergreen music'),
(22,12,3.9,'Good attempts at social commentary'),
(23,13,4.5,'Suspense built up really well throughout'),
(24,14,4.2,'Fantastic stunt choreography and score'),
(15,15,4.0,'A well-made dark crime thriller'),
(16,1,3.5,'Routine story but high production value'),
(17,2,4.6,'The theater atmosphere was electric'),
(18,3,4.9,'Best action film in recent times'),
(5,4,4.0,'Great casting but second half dragged'),
(10,5,4.1,'The background score elevates the movie');

    create table coupons(
    coupon_id int primary key auto_increment,
    coupon_code varchar(20),
    discount_percent int,
    expiry_date date,
    status varchar(20)
    );
    INSERT INTO coupons(coupon_code,discount_percent,expiry_date,status)
VALUES
('WELCOME10',10,'2026-12-31','Active'),
('FIRST50',50,'2026-10-31','Active'),
('MOVIE20',20,'2026-09-30','Active'),
('SUMMER15',15,'2026-08-31','Active'),
('FESTIVE25',25,'2026-11-15','Active'),
('WEEKEND10',10,'2026-07-31','Active'),
('CINEMA30',30,'2026-12-15','Active'),
('BLOCKBUSTER40',40,'2026-12-31','Active'),
('MEGA50',50,'2026-06-30','Expired'),
('NEWUSER25',25,'2026-12-31','Active'),
('OFFER12', 12, '2026-11-30', 'Active'),
('SUPER35', 35, '2026-08-15', 'Active'),
('NIGHTOWL20', 20, '2026-10-15', 'Active'),
('HOLIDAY30', 30, '2026-12-25', 'Active'),
('MONSOON15', 15, '2026-09-15', 'Active'),
('EARLYBIRD10', 10, '2026-07-15', 'Active'),
('MIDWEEK25', 25, '2026-08-30', 'Active'),
('DISCOUNT05', 5, '2026-12-01', 'Active'),
('FLASH45', 45, '2026-06-15', 'Active'),
('REDEEM50', 50, '2026-05-30', 'Expired'),
('SAVE15', 15, '2026-11-01', 'Active'),
('PROMO22', 22, '2026-10-20', 'Active'),
('TICKET25', 25, '2026-12-10', 'Active'),
('STAR40', 40, '2026-09-05', 'Active'),
('GOLDEN10', 10, '2026-12-31', 'Active'),
('PREMIUM20', 20, '2026-07-25', 'Active'),
('LASTCHANCE50', 50, '2026-04-30', 'Expired'),
('CHILL20', 20, '2026-08-20', 'Active'),
('FAMILY30', 30, '2026-11-28', 'Active'),
('BULK15', 15, '2026-10-05', 'Active'),
('FESTIVAL20', 20, '2026-11-10', 'Active'),
('WINTER25', 25, '2026-12-20', 'Active'),
('COMBO35', 35, '2026-09-25', 'Active'),
('SATHYAM20', 20, '2026-07-10', 'Active'),
('PVRSPECIAL15', 15, '2026-08-05', 'Active'),
('AGSDEAL10', 10, '2026-12-15', 'Active'),
('INOXOFFER30', 30, '2026-10-12', 'Active'),
('ROHINIMASS25', 25, '2026-09-18', 'Active'),
('ESCAPE50', 50, '2026-05-15', 'Expired'),
('POPULAR15', 15, '2026-11-22', 'Active');